Name of Incident,Month
Kargil Conflict,5
FATF Grey List,6
Siachen Glacier Conflict,4
Motorway Network Development,11
ChinaUnknownPakistan Friendship Highway Completion,6
Benazir Income Support Programme Launch,7
National Database and Registration Authority (NADRA) Establishment,3
HEC Digital Library Initiative,2
Sigiriya Designated as a UNESCO World Heritage Site,12
OneUnknownChild Policy Introduced,9
Deng Xiaoping's Southern Tour,1
Belt and Road Initiative Announced,9
SARS Epidemic,2
HighUnknownSpeed Rail Expansion,4
Made in China 2025 Initiative Announced,5
Australia Acts 1986,3
Royal Commission into Institutional Responses...,1
ANZUS Treaty Suspension,9
Rogernomics Initiatives Begin,7
Resource Management Act Enacted,7
1981 Springbok Tour Protests,7
Foreshore and Seabed Controversy,5
AntiUnknownNuclear Legislation Enacted,6
MMP Electoral System Introduced,11
New Zealand Signs Kyoto Protocol,5
1987 New Zealand Constitution Act,12
New Zealand Bill of Rights Act,8
Formation of the Māori Party,7
Recognition of the Māori Language,8
Decriminalization of Homosexuality,7
Kim DaeUnknownjung’s Sunshine Policy,2
THAAD Deployment Controversy,7
Kim JongUnknownun Assumes Power,12
"Resolution on ""Vietnam's Marine Strategy to 2020""",10
COVIDUnknown19 Pandemic Response,1
Speak Mandarin Campaign Launched,9
Capital Moved to Astana,12
1MDB Scandal,7
Release of Political Prisoners,10
Black Lives Matter Movement,7
USUnknownMexico Border Wall Expansion,1
#MeToo Movement,10
George Floyd Protests and Derek Chauvin Trial,5
Affordable Care Act (Obamacare) Implementation,3
Tech Boom and DotUnknowncom Bubble,3
Housing Market Crash and Great Recession,12
COVIDUnknown19 Pandemic in the UK,1
UK Hosts the First Rugby World Cup,10
Financial Crisis Impact,9
Austerity Measures During Crisis,5
Somali Civil War Begins,1
Movement for Multiparty Democracy,7
Land Reform Program Begins,2
Algerian Civil War Ends,2
Gacaca Courts Initiated,6
Joseph Kony Insurgency Declines,7
Boko Haram Insurgency Intensifies,7
Abolition of Slavery Enforced,8
Operation Carlota Ends,5
Direct Elections Now Campaign,1
Mensalão Scandal,6
Zika Virus Outbreak,5
Operation Car Wash (Lava Jato),3
Refugee Crisis,4
Economic Crisis and IMF Loan,4
